<?xml version="1.0" encoding="UTF-8"?>
<project-private xmlns="http://www.netbeans.org/ns/project-private/1">
    <editor-bookmarks xmlns="http://www.netbeans.org/ns/editor-bookmarks/2" lastBookmarkId="0"/>
    <open-files xmlns="http://www.netbeans.org/ns/projectui-open-files/2">
        <group>
            <file>file:/C:/Users/Jose%20Servin/Documents/NetBeansProjects/banco/src/Conexion.java</file>
            <file>file:/C:/Users/Jose%20Servin/Documents/NetBeansProjects/banco/src/JFBanco.java</file>
            <file>file:/C:/Users/Jose%20Servin/Documents/NetBeansProjects/banco/src/JOptionpane.java</file>
            <file>file:/C:/Users/Jose%20Servin/Documents/NetBeansProjects/banco/src/JFNsaldo.java</file>
            <file>file:/C:/Users/Jose%20Servin/Documents/NetBeansProjects/banco/src/ResultSet.java</file>
            <file>file:/C:/Users/Jose%20Servin/Documents/NetBeansProjects/banco/src/DriveManager.java</file>
            <file>file:/C:/Users/Jose%20Servin/Documents/NetBeansProjects/banco/src/JFRetirar.java</file>
            <file>file:/C:/Users/Jose%20Servin/Documents/NetBeansProjects/banco/src/JFSaldo.java</file>
            <file>file:/C:/Users/Jose%20Servin/Documents/NetBeansProjects/banco/src/JFDeposito.java</file>
        </group>
    </open-files>
</project-private>
